,Heartrate,TotalSteps,sleepMin,Label
0,64.86376812,8328,528,First
1,61.05882353,8328,528,First
2,59.72093023,8328,528,First
3,58.93510324,8328,528,First
4,58.59011628,8328,528,First
5,60.11076923,8328,528,First
6,66.85542169,8328,528,First
7,83.63655914,8328,528,Second
8,78.60348584,8328,528,Third
9,69.95275591,8328,528,First
10,69.05011933,8328,528,First
11,66.42257218,8328,528,First
12,66.72093023,8328,528,First
13,79.20560748,8328,528,Second
14,72.12171838,8328,528,First
15,70.55023923,8328,528,First
16,69.67228916,8328,528,First
17,64.28292683,8328,528,First
18,73.37892377,8328,528,First
19,69.44132653,8328,528,First
20,73.83816425,8328,528,First
21,65.49077491,8328,528,First
22,70.43882979,8328,528,First
23,69.5379538,12409,388,First
24,69.03858521,12409,388,First
25,68.93333333,12409,388,First
26,66.56586826,12409,388,First
27,66.82568807,12409,388,First
28,65.31438127,12409,388,First
29,74.52941176,12409,388,First
30,77.49616368,12409,388,First
31,68.11504425,12409,388,First
32,65.80719794,12409,388,First
33,65.05263158,12409,388,First
34,71.28676471,12409,388,First
35,72.78337531,12409,388,First
36,63.82507289,12409,388,First
37,65.89784946,12409,388,First
38,85.52877698,12409,388,Second
39,113.7515873,12409,388,Second
40,76.75837321,12409,388,First
41,86.52980132,12409,388,Second
42,82.98076923,12409,388,Second
43,72.69436997,12409,388,First
44,70.28971963,12409,388,First
45,68.81491713,12409,388,First
46,65.98901099,12409,388,First
47,53.63609467,10461,413,First
48,49.85207101,10461,413,First
49,48.60681115,10461,413,First
50,46.48632219,10461,413,First
51,46.70121951,10461,413,First
52,58.96601942,10461,413,First
53,89.10429448,10461,413,Second
54,69.6314433,10461,413,First
55,62.06366048,10461,413,First
56,69.17962466,10461,413,First
57,66.10386473,10461,413,First
58,84.46370023,10461,413,Second
59,59.63943662,10461,413,First
60,57.95518207,10461,413,First
61,54.96590909,10461,413,First
62,55.83333333,10461,413,First
63,58.65116279,10461,413,First
64,66.47016706,10461,413,First
65,60.90225564,10461,413,First
66,115.31818179999999,10461,413,Second
67,73.91139241,10461,413,First
68,63.31016043,10461,413,First
69,53.91772152,10461,413,First
70,52.77887789,10461,413,First
71,63.49833887,10467,536,First
72,60.42361111,10467,536,First
73,61.48494983,10467,536,First
74,62.89096573,10467,536,First
75,59.29870129999999,10467,536,First
76,61.1910828,10467,536,First
77,60.07911392,10467,536,First
78,62.328125,10467,536,First
79,61.7721519,10467,536,First
80,76.67040359,10467,536,First
81,91.94402985,10467,536,Second
82,80.23076923,10467,536,Second
83,107.99550559999999,10467,536,Second
84,75.31367292,10467,536,First
85,67.26162791,10467,536,First
86,76.06870229,10467,536,First
87,76.65929204,10467,536,First
88,75.54605263,10467,536,First
89,75.41012658,10467,536,First
90,77.36658354,10467,536,First
91,86.80519481,10467,536,Second
92,75.10126582,10467,536,First
93,72.75725594,10467,536,First
94,70.72413793,10467,536,First
95,62.26356589,1229,568,Third
96,70.84883721,1229,568,Third
97,69.66666667,1229,568,Third
98,70.76993865,15459,458,First
99,76.60946746,15459,458,First
100,77.33114754,15459,458,First
101,75.33923304,15459,458,First
102,70.66369048,15459,458,First
103,70.25730994,15459,458,First
104,70.80246914,15459,458,First
105,68.74117647,15459,458,First
106,73.34278959999999,15459,458,First
107,84.85208333,15459,458,Second
108,113.7022375,15459,458,Second
109,84.11883408,15459,458,Second
110,82.87261146,15459,458,Second
111,79.87323944,15459,458,Second
112,81.81670534,15459,458,Second
113,81.86089239,15459,458,Second
114,86.40506329,15459,458,Second
115,88.90380762,15459,458,Second
116,87.12421053,15459,458,Second
117,78.80348259,15459,458,Second
118,82.49643705,15459,458,Second
119,85.00450450000001,15459,458,Second
120,75.73170732,15459,458,First
121,73.16129032,15459,458,First
122,69.14782609,19658,556,First
123,62.09455587,19658,556,First
124,62.38575668,19658,556,First
125,60.53030303,19658,556,First
126,56.80606061,19658,556,First
127,58.88252149,19658,556,First
128,59.37393768,19658,556,First
129,62.86058981,19658,556,First
130,86.78854626,19658,556,Second
131,92.15139442,19658,556,Second
132,91.51291513,19658,556,Second
133,90.00186916,19658,556,Second
134,91.92948718,19658,556,Second
135,96.46341463,19658,556,Second
136,94.01438849,19658,556,Second
137,86.80952381,19658,556,Second
138,94.52857143,1988,464,Third
139,93.52857143,1988,464,Third
140,92.51162791,1988,464,Third
141,85.12931034,1988,464,Third
142,82.30254777,1988,464,Third
143,81.6994382,1988,464,Third
144,79.50862069,1988,464,Third
145,85.66755319,1988,464,Third
146,88.32160804,1988,464,Third
147,90.75,1988,464,Third
148,83.92916667,1988,464,Third
149,70.0,1988,464,Third
150,70.0,1988,464,Third
151,70.0,1988,464,Third
152,81.14285714,1988,464,Third
153,70.66666667,1988,464,Third
154,79.5,1988,464,Third
155,69.49562682,12437,414,First
156,68.21301775,12437,414,First
157,60.95192308,12437,414,First
158,61.15277778,12437,414,First
159,59.52698413,12437,414,First
160,59.82508251,12437,414,First
161,60.23225806,12437,414,First
162,59.89935065,12437,414,First
163,70.24468085,12437,414,First
164,75.71827411,12437,414,First
165,66.46760563,12437,414,First
166,114.4412983,12437,414,Second
167,95.93961353,12437,414,Second
168,77.86821705,12437,414,First
169,73.98882682,12437,414,First
170,77.84073107,12437,414,First
171,104.27446809999999,12437,414,Second
172,83.27160494,12437,414,Second
173,87.31701031,12437,414,Second
174,76.27604167,12437,414,First
175,74.46963563,12437,414,First
176,69.52556818,12437,414,First
177,70.27671233,12437,414,First
178,66.2767624,12437,414,First
179,80.0,10976,68,Fourth
180,95.38761468,10976,68,Fourth
181,70.592,10976,68,Fourth
182,82.85202864,10976,68,Fourth
183,106.1719858,10976,68,Fourth
184,106.49790790000002,10976,68,Fourth
185,94.48809524,10976,68,Fourth
186,88.64814815,10976,68,Fourth
187,85.37564767,10976,68,Fourth
188,76.25368732,10976,68,Fourth
189,74.08823529,10976,68,Fourth
190,77.8102981,10976,68,Fourth
191,81.37817259,10976,68,Fourth
192,86.69613259999998,10976,68,Fourth
193,69.97681159,10976,68,Fourth
194,68.78208955,10976,68,Fourth
195,69.66871166,7485,477,Third
196,68.83174603,7485,477,Third
197,66.38278932,7485,477,First
198,65.55016181,7485,477,First
199,64.6416185,7485,477,First
200,62.30246914,7485,477,First
201,62.03151862,7485,477,First
202,63.71559633,7485,477,First
203,77.0310559,7485,477,Third
204,78.47513812,7485,477,Third
205,73.74311927,7485,477,Third
206,81.53004292,7485,477,Second
207,70.95755968,7485,477,Third
208,77.67076167,7485,477,Third
209,73.44366197,7485,477,Third
210,83.40855107,7485,477,Second
211,96.75342466,7485,477,Second
212,77.8847185,7485,477,Third
213,81.32489451,7485,477,Third
214,81.88683128,7485,477,Second
215,79.82045455,7485,477,Third
216,78.36220472,7485,477,Third
217,71.73442623,7485,477,Third
218,68.31446541,7485,477,Third
219,68.01685393,6176,363,Third
220,70.04142012,6176,363,Third
221,68.01704545,6176,363,Third
222,65.55428571,6176,363,Third
223,66.63392857,6176,363,Third
224,85.23972603,6176,363,Second
225,77.34246575,6176,363,Third
226,76.2005277,6176,363,Third
227,70.22192513,6176,363,Third
228,67.11764706,6176,363,Third
229,76.99615385,6176,363,Third
230,80.31400966,6176,363,Third
231,81.28,6176,363,Third
232,94.152019,6176,363,Second
233,85.40105541,6176,363,Second
234,81.01970443,6176,363,Third
235,79.82897862,6176,363,Third
236,82.25628141,6176,363,Third
237,70.85310734,6176,363,Third
238,73.47135417,6176,363,Third
239,55.15151515,1515,750,Third
240,57.69131833,1515,750,Third
241,59.07491857,1515,750,Third
242,57.91821561,1515,750,Third
243,59.85972851,1515,750,Third
244,58.53703704,1515,750,Third
245,57.61111111,1515,750,Third
246,60.2962963,1515,750,Third
247,69.42533937,1515,750,Third
248,64.83646113,1515,750,Third
249,69.25252525,1515,750,Third
250,65.27322404,1515,750,Third
251,67.77777778,1515,750,Third
252,63.93063584,1515,750,Third
253,58.45317221,1515,750,Third
254,58.22977346,1515,750,Third
255,49.47289157,9917,352,First
256,49.81350482,9917,352,First
257,53.91919192,9917,352,First
258,50.205696200000006,9917,352,First
259,50.43428571,9917,352,First
260,64.56629834,9917,352,First
261,77.66925065,9917,352,First
262,67.93717277,9917,352,First
263,55.37393768,9917,352,First
264,60.71787709,9917,352,First
265,76.01324503,9917,352,First
266,69.90556901,9917,352,First
267,62.01041667,9917,352,First
268,61.25307125,9917,352,First
269,60.43352601,9917,352,First
270,78.1814059,9917,352,First
271,113.171875,9917,352,Second
272,78.2875,9917,352,First
273,72.14117647,9917,352,First
274,72.30994152,9917,352,First
275,57.65889213,9917,352,First
276,57.92836676,9917,352,First
277,48.70322581,9917,352,First
278,53.83939394,9917,352,First
279,63.16905444,12307,496,First
280,60.52233677,12307,496,First
281,63.02786378,12307,496,First
282,63.02236422,12307,496,First
283,63.7781457,12307,496,First
284,63.48675497,12307,496,First
285,60.93617021,12307,496,First
286,63.37658228,12307,496,First
287,63.06134969,12307,496,First
288,83.79411765,12307,496,Second
289,85.78072289,12307,496,Second
290,78.85569620000001,12307,496,Second
291,76.35162095,12307,496,First
292,79.88221709,12307,496,Second
293,78.18015666,12307,496,First
294,73.41498559,12307,496,First
295,94.73361522,12307,496,Second
296,94.52290076,12307,496,Second
297,80.91293532,12307,496,Second
298,89.13908873,12307,496,Second
299,84.32653061,12307,496,Second
300,74.96655518,12307,496,First
301,66.86206897,12307,496,First
302,89.52263374,16806,72,Fourth
303,103.6756757,16806,72,Fourth
304,114.28200000000001,16806,72,Fourth
305,128.6074074,16806,72,Fourth
306,86.56675063,16806,72,Fourth
307,88.5743073,16806,72,Fourth
308,84.42023346,16806,72,Fourth
309,70.94985251,16806,72,Fourth
310,72.28032345,16806,72,Fourth
311,78.45821326,16806,72,Fourth
312,97.46462264,16806,72,Fourth
313,92.18974359,16806,72,Fourth
314,93.07253886,16806,72,Fourth
315,75.79508197,16806,72,Fourth
316,69.58308157,16806,72,Fourth
317,75.56119403,7238,516,Third
318,78.56957929,7238,516,Third
319,78.26988636,7238,516,Third
320,80.91369048,7238,516,Third
321,76.66769231,7238,516,Third
322,65.72079772,7238,516,Third
323,60.42813456,7238,516,Third
324,61.81388889,7238,516,Third
325,57.12609971,7238,516,Third
326,74.76349614,7238,516,Third
327,94.60141509,7238,516,Second
328,85.74271845,7238,516,Second
329,82.56008584,7238,516,Third
330,84.58560311,7238,516,Second
331,79.78539823,7238,516,Third
332,88.33189655,7238,516,Second
333,76.99492386,7238,516,Third
334,79.33558559,7238,516,Third
335,84.95035461,7238,516,Second
336,90.01106195,7238,516,Second
337,81.34096692,7238,516,Third
338,81.38131313,7238,516,Third
339,74.54495913,7238,516,Third
340,74.46131805,7238,516,Third
341,63.55485893,10254,549,First
342,64.275,10254,549,First
343,63.77848101,10254,549,First
344,62.60252366,10254,549,First
345,63.27531646,10254,549,First
346,63.51153846,10254,549,First
347,68.86833856,10254,549,First
348,94.96825397,10254,549,Second
349,81.14442013,10254,549,Second
350,73.79052369,10254,549,First
351,71.62052506,10254,549,First
352,68.90697674,10254,549,First
353,72.7970297,10254,549,First
354,83.06237006,10254,549,Second
355,75.67418546,10254,549,First
356,70.62568306,10254,549,First
357,73.12,10254,549,First
358,73.42231947,10254,549,First
359,81.35555556,10254,549,Second
360,77.02619048,10254,549,First
361,98.10556622,10254,549,Second
362,101.2193396,10254,549,Second
363,77.02114804,10254,549,First
364,75.25423729,10254,549,First
365,83.68161435,6429,477,Third
366,76.33608247,6429,477,Third
367,70.53547523,6429,477,Third
368,68.18761966,6429,477,Third
369,65.76629361,6429,477,Third
370,63.40431454,6429,477,Third
371,62.77251185,6429,477,Third
372,67.94559229,6429,477,Third
373,71.40061538,6429,477,Third
374,81.67832605,6429,477,Third
375,86.4714467,6429,477,Second
376,83.94490184,6429,477,Third
377,83.74480151,6429,477,Third
378,88.16760125,6429,477,Second
379,88.22406384,6429,477,Second
380,92.50538315,6429,477,Second
381,93.37639752,6429,477,Second
382,92.84942529,6429,477,Second
383,80.87977099,6429,477,Third
384,80.86380597,6429,477,Third
385,58.01612903,8921,448,First
386,57.55016181,8921,448,First
387,57.71518987,8921,448,First
388,58.64918033,8921,448,First
389,60.51948052,8921,448,First
390,58.54019293,8921,448,First
391,71.60122699,8921,448,First
392,72.26540284,8921,448,First
393,64.34482759,8921,448,First
394,62.64497041,8921,448,First
395,63.65921788,8921,448,First
396,63.48991354,8921,448,First
397,98.78826237,8921,448,Second
398,95.74273256,8921,448,Second
399,71.09975062,8921,448,First
400,68.25,8921,448,First
401,74.86519608,8921,448,First
402,74.86700767,8921,448,First
403,62.26139818,8921,448,First
404,70.57868020000001,8921,448,First
405,75.64089776,8921,448,First
406,71.61518325,8921,448,First
407,61.24025974,8921,448,First
408,59.97368421,8921,448,First
409,53.08176101,7401,453,First
410,52.46130952,7401,453,First
411,51.11146497,7401,453,First
412,49.75757576,7401,453,First
413,47.1656051,7401,453,First
414,48.41666667,7401,453,First
415,90.64615385,7401,453,Second
416,77.6898263,7401,453,Third
417,71.31806616,7401,453,Third
418,77.87939698,7401,453,Third
419,67.95121951,7401,453,First
420,70.0964467,7401,453,Third
421,73.28784119,7401,453,Third
422,64.71787709,7401,453,First
423,60.51704545,7401,453,First
424,59.85641026,7401,453,First
425,86.52345679,7401,453,Second
426,70.40053763,7401,453,Third
427,67.74412533,7401,453,First
428,77.81047382,7401,453,Third
429,67.27323944,7401,453,First
430,53.93693694,7401,453,First
431,47.44193548,7401,453,First
432,47.3768546,7401,453,First
433,63.36940299,18952,470,First
434,65.46488294,18952,470,First
435,66.04620462,18952,470,First
436,61.73548387,18952,470,First
437,64.04516129,18952,470,First
438,61.89408100000001,18952,470,First
439,66.29283489,18952,470,First
440,80.65652174,18952,470,Second
441,84.65531915,18952,470,Second
442,82.15824176,18952,470,Second
443,91.80281690000001,18952,470,Second
444,94.75714286,18952,470,Second
445,98.05357143,18952,470,Second
446,72.45244957,18952,470,First
447,69.41353383,18952,470,First
448,85.89620758,18952,470,Second
449,77.34474328,18952,470,First
450,69.03064067,18952,470,First
451,81.29353234,18952,470,Second
452,96.44503546,18952,470,Second
453,81.09937888,18952,470,Second
454,69.09281437,18952,470,First
455,69.23809524,18952,470,First
456,67.60990712,18952,470,First
457,69.52071006,10114,535,First
458,64.37861272,10114,535,First
459,66.33231707,10114,535,First
460,65.54005935,10114,535,First
461,64.0797546,10114,535,First
462,61.34023669,10114,535,First
463,62.63428571,10114,535,First
464,79.08915663,10114,535,Second
465,84.70883534,10114,535,Second
466,77.38148984,10114,535,First
467,73.85784314,10114,535,First
468,73.19369369,10114,535,First
469,77.36585366,10114,535,First
470,72.97601918,10114,535,First
471,83.26851852,10114,535,Second
472,73.73246753,10114,535,First
473,73.3562341,10114,535,First
474,72.18139535,10114,535,First
475,88.35814889,10114,535,Second
476,80.67811159,10114,535,Second
477,92.68034557,10114,535,Second
478,89.87920792,10114,535,Second
479,73.18481013,10114,535,First
480,70.71590909,10114,535,First
481,60.07739938,11306,451,First
482,60.10591899999999,11306,451,First
483,62.80519481,11306,451,First
484,60.73754153,11306,451,First
485,60.46229508,11306,451,First
486,58.48888889,11306,451,First
487,68.73804100000001,11306,451,First
488,72.70045045,11306,451,First
489,62.79459459,11306,451,First
490,62.36982249,11306,451,First
491,62.29891304,11306,451,First
492,60.9729064,11306,451,First
493,63.45081967,11306,451,First
494,64.15789474,11306,451,First
495,63.17914439,11306,451,First
496,61.73638968,11306,451,First
497,111.29173840000001,11306,451,Second
498,81.06117647,11306,451,Second
499,78.01622718,11306,451,First
500,70.34663342,11306,451,First
501,69.04488778,11306,451,First
502,70.27707809,11306,451,First
503,62.17101449,11306,451,First
504,60.21676301,11306,451,First
505,93.38513514,9910,63,Fourth
506,83.89244851,9910,63,Fourth
507,78.96833773,9910,63,Fourth
508,80.96875,9910,63,Fourth
509,82.50292398,9910,63,Fourth
510,97.13856813,9910,63,Fourth
511,91.33114035,9910,63,Fourth
512,79.42118227,9910,63,Fourth
513,89.83916084,9910,63,Fourth
514,78.4676259,9910,63,Fourth
515,94.20096852,9910,63,Fourth
516,89.98102981,9910,63,Fourth
517,96.42889391,9910,63,Fourth
518,94.88546256,9910,63,Fourth
519,87.11611374,9910,63,Fourth
520,75.01036269,9910,63,Fourth
521,63.57062147,9910,63,Fourth
522,68.10410095,12010,354,First
523,63.95017794,12010,354,First
524,65.60150376,12010,354,First
525,65.14900662,12010,354,First
526,62.37920489,12010,354,First
527,60.70863309,12010,354,First
528,127.6795291,12010,354,Second
529,89.22413793,12010,354,Second
530,76.72027972,12010,354,First
531,82.38559322,12010,354,Second
532,75.03755869,12010,354,First
533,85.10416667,12010,354,Second
534,74.41926346,12010,354,First
535,68.06340058,12010,354,First
536,77.33415842,12010,354,First
537,72.54626866,12010,354,First
538,75.64871795,12010,354,First
539,72.63366337,12010,354,First
540,76.64114833,12010,354,First
541,71.20418848,12010,354,First
542,71.5245478,12010,354,First
543,68.51231527,12010,354,First
544,78.59929078,12010,354,First
545,68.89777778,12010,354,First
546,93.46405229,12084,69,Fourth
547,108.9761905,12084,69,Fourth
548,108.4686869,12084,69,Fourth
549,96.62467192,12084,69,Fourth
550,81.41207349,12084,69,Fourth
551,84.52646240000001,12084,69,Fourth
552,75.68820225,12084,69,Fourth
553,62.24035608,12084,69,Fourth
554,84.96073298,12084,69,Fourth
555,89.83116883,12084,69,Fourth
556,86.16883117,12084,69,Fourth
557,82.48474576,12084,69,Fourth
558,76.20113314,12084,69,Fourth
559,70.47008547,12084,69,Fourth
560,72.30662983,12084,69,Fourth
561,78.31818182,12084,69,Fourth
562,69.95355191,2332,413,Third
563,97.33125,2332,413,Third
564,73.76237624,2332,413,Third
565,78.03188406,2332,413,Third
566,67.17405063,2332,413,Third
567,66.86330935,2332,413,Third
568,59.92378049,2332,413,Third
569,61.88235294,2332,413,Third
570,62.18128655,2332,413,Third
571,62.98086124,2332,413,Third
572,71.2776204,2332,413,Third
573,69.48974359,2332,413,Third
574,72.04050633,2332,413,Third
575,70.34224599,2332,413,Third
576,73.49871465,2332,413,Third
577,71.21065375,2332,413,Third
578,61.43351064,2332,413,Third
579,66.48346056,2332,413,Third
580,67.12359551,2332,413,Third
581,71.59602649,2332,413,Third
582,69.20123839,2332,413,Third
583,70.96130952,2332,413,Third
584,70.85602094,2332,413,Third
585,76.0368272,2332,413,Third
586,72.91253644,11107,462,First
587,74.27826087,11107,462,First
588,65.98382749,11107,462,First
589,67.10818713,11107,462,First
590,67.36811594,11107,462,First
591,63.12941176,11107,462,First
592,64.08591065,11107,462,First
593,96.48101266,11107,462,Second
594,78.83185841,11107,462,Second
595,70.42821782,11107,462,First
596,68.57983193,11107,462,First
597,68.64054054,11107,462,First
598,67.93861893,11107,462,First
599,77.31621622,11107,462,First
600,72.04120879,11107,462,First
601,73.15662651,11107,462,First
602,68.93384224,11107,462,First
603,67.60891089,11107,462,First
604,88.81467181,11107,462,Second
605,90.28747433,11107,462,Second
606,76.1025,11107,462,First
607,78.61519608,11107,462,First
608,73.89393939,11107,462,First
609,83.95311496,7476,256,Fourth
610,78.81818182,7476,256,Fourth
611,82.66115702,7476,256,Fourth
612,65.29489051,7476,256,First
613,70.18836045,7476,256,First
614,68.93449519,7476,256,First
615,67.38765929,7476,256,First
616,78.82848101,7476,256,Fourth
617,74.28691983,7476,256,Fourth
618,74.133292,7476,256,Fourth
619,76.88650307,7476,256,Fourth
620,78.0996264,7476,256,Fourth
621,79.8748503,7476,256,Fourth
622,86.82016349,7476,256,Fourth
623,89.42307692,7476,256,Fourth
624,100.097541,7476,256,Fourth
625,88.17822521,7476,256,Fourth
626,93.83228643,7476,256,Fourth
627,93.77319588,7476,256,Fourth
628,89.3170068,7476,256,Fourth
629,98.26049869,7476,256,Fourth
630,96.34515689,7476,256,Fourth
631,96.59670165,7476,256,Fourth
632,54.54512635,12252,392,First
633,56.80456026,12252,392,First
634,58.43260188,12252,392,First
635,59.00323625,12252,392,First
636,56.44554455,12252,392,First
637,58.96989967,12252,392,First
638,69.58231707,12252,392,First
639,75.15367483,12252,392,First
640,64.34876543,12252,392,First
641,63.90461538,12252,392,First
642,63.63486842,12252,392,First
643,63.6910828,12252,392,First
644,65.49431818,12252,392,First
645,68.19095477,12252,392,First
646,62.82461538,12252,392,First
647,63.52173913,12252,392,First
648,68.82513661,12252,392,First
649,83.80293501,12252,392,Second
650,77.10025063,12252,392,First
651,69.26519337,12252,392,First
652,68.09295775,12252,392,First
653,71.71593533,12252,392,First
654,68.57701711,12252,392,First
655,56.75796178,12252,392,First
656,47.93831169,11080,380,First
657,49.11455108,11080,380,First
658,49.63444109,11080,380,First
659,45.61858974,11080,380,First
660,45.32298137,11080,380,First
661,61.61826698,11080,380,First
662,103.5782881,11080,380,Second
663,70.65,11080,380,First
664,87.54656863,11080,380,Second
665,68.63307494,11080,380,First
666,60.69369369,11080,380,First
667,76.35696822,11080,380,First
668,61.18803419,11080,380,First
669,63.06970509,11080,380,First
670,88.06609018,11080,380,Second
671,73.17577197,11080,380,First
672,68.91954023,11080,380,First
673,72.59850374,11080,380,First
674,78.90957447,11080,380,First
675,84.05072464,11080,380,Second
676,74.98214286,11080,380,First
677,61.24719101,11080,380,First
678,59.03313253,11080,380,First
679,52.12852665,11080,380,First
680,71.20771513,12409,458,First
681,76.42296073,12409,458,First
682,69.53501401,12409,458,First
683,67.16964286,12409,458,First
684,66.57894737,12409,458,First
685,66.68465909,12409,458,First
686,67.12391931,12409,458,First
687,77.61139896,12409,458,First
688,81.20892019,12409,458,Second
689,92.04210526,12409,458,Second
690,90.96739129999999,12409,458,Second
691,96.4,12409,458,Second
692,90.80410023,12409,458,Second
693,97.06794055,12409,458,Second
694,97.32505176,12409,458,Second
695,95.75581395,12409,458,Second
696,82.34739454,12409,458,Second
697,92.70091324,12409,458,Second
698,90.67772512,12409,458,Second
699,89.63419913,12409,458,Second
700,85.69971671,12409,458,Second
701,86.24489796,12409,458,Second
702,96.25233645,12409,458,Second
703,83.92458101,12409,458,Second
704,99.52941176,11761,455,Second
705,92.33855799,11761,455,Second
706,86.99145299,11761,455,Second
707,79.47507331,11761,455,Second
708,75.67796609999999,11761,455,First
709,74.04705882,11761,455,First
710,76.02102102,11761,455,First
711,74.94610778,11761,455,First
712,90.34864865,11761,455,Second
713,112.8976744,11761,455,Second
714,107.51329790000001,11761,455,Second
715,97.52671756,11761,455,Second
716,103.662037,11761,455,Second
717,106.05378970000001,11761,455,Second
718,109.2392777,11761,455,Second
719,107.4076577,11761,455,Second
720,108.6334842,11761,455,Second
721,112.8632075,11761,455,Second
722,104.8272506,11761,455,Second
723,104.75835479999999,11761,455,Second
724,103.1450382,11761,455,Second
725,101.10606059999999,11761,455,Second
726,93.44797688,11761,455,Second
727,89.82994924,11761,455,Second
728,70.28508772,12480,538,First
729,67.14772727,12480,538,First
730,69.9375,12480,538,First
731,71.07954545,12480,538,First
732,61.69281046,12480,538,First
733,62.8125,12480,538,First
734,62.86909091,12480,538,First
735,65.26415094,12480,538,First
736,67.18487395,12480,538,First
737,83.73059361,12480,538,Second
738,92.8089172,12480,538,Second
739,94.03431373,12480,538,Second
740,114.090824,12480,538,Second
741,76.40857143,12480,538,First
742,68.86647727,12480,538,First
743,81.72790698,12480,538,Second
744,78.86563877,12480,538,Second
745,77.53271028,12480,538,First
746,78.03282828,12480,538,Second
747,88.15384615,12480,538,Second
748,68.10309278,12480,538,First
749,68.36141304,12480,538,First
750,66.76854599,12480,538,First
751,81.35501355,2121,462,Third
752,77.76265823,2121,462,Third
753,69.86956522,2121,462,Third
754,66.74,2121,462,Third
755,67.86461538,2121,462,Third
756,67.88650307,2121,462,Third
757,71.48093842,2121,462,Third
758,67.36778116,2121,462,Third
759,71.5339233,2121,462,Third
760,66.58092486,2121,462,Third
761,72.70588235,2121,462,Third
762,83.19294118,2121,462,Third
763,77.18559557,2121,462,Third
764,75.98143236,2121,462,Third
765,76.02666667,2121,462,Third
766,77.49081365,2121,462,Third
767,74.06633907,2121,462,Third
768,90.68286445,2121,462,Third
769,92.34663342,2121,462,Third
770,90.26179245,2121,462,Third
771,89.77260274,2121,462,Third
772,75.0625,2121,462,Third
773,71.36585366,2121,462,Third
774,81.4622093,2121,462,Third
775,57.06666667,15444,405,First
776,57.91582492,15444,405,First
777,56.24683544,15444,405,First
778,57.55033557,15444,405,First
779,55.9579288,15444,405,First
780,56.77181208,15444,405,First
781,67.0,15444,405,First
782,72.76309795,15444,405,First
783,68.02132701,15444,405,First
784,63.98016997,15444,405,First
785,61.99483204,15444,405,First
786,62.38095238,15444,405,First
787,66.39860139999999,15444,405,First
788,103.3860435,15444,405,Second
789,74.65526676,15444,405,First
790,72.89784946,15444,405,First
791,79.92407809,15444,405,Second
792,68.77142857,15444,405,First
793,66.47928994,15444,405,First
794,72.33846154,15444,405,First
795,75.89277899,15444,405,First
796,74.14495798,15444,405,First
797,72.21012658,15444,405,First
798,65.21558442,15444,405,First
799,52.47447447,4499,450,Third
800,51.75079872,4499,450,Third
801,51.80333333,4499,450,Third
802,53.94,4499,450,Third
803,47.10703364,4499,450,Third
804,48.56069364,4499,450,Third
805,101.4191781,4499,450,Second
806,71.32722513,4499,450,Third
807,62.140804599999996,4499,450,Third
808,56.75277778,4499,450,Third
809,54.64469914,4499,450,Third
810,54.45930233,4499,450,Third
811,52.6686217,4499,450,Third
812,53.67597765,4499,450,Third
813,63.59020619,4499,450,Third
814,68.31413613,4499,450,Third
815,69.58536585,4499,450,Third
816,69.03953488,4499,450,Third
817,65.79240506,4499,450,Third
818,59.91922006,4499,450,Third
819,71.81364829,4499,450,Third
820,56.00903614,4499,450,Third
821,49.725,4499,450,Third
822,52.49560117,4499,450,Third
823,74.11173184,4853,617,Third
824,76.7523511,4853,617,Third
825,70.27272727,4853,617,Third
826,68.56936416,4853,617,Third
827,68.36285714,4853,617,Third
828,65.31666667,4853,617,Third
829,63.39143731,4853,617,Third
830,63.52321981,4853,617,Third
831,74.50531915,4853,617,Third
832,90.07424594,4853,617,Third
833,76.81894150000001,4853,617,Third
834,93.5675,4853,617,Second
835,91.24941176,4853,617,Third
836,86.44584383,4853,617,Third
837,96.47083333,4853,617,Second
838,105.7272727,4853,617,Second
839,68.32119205,13417,422,First
840,72.22327044,13417,422,First
841,65.92079208,13417,422,First
842,67.33762058,13417,422,First
843,65.62700965,13417,422,First
844,63.02666667,13417,422,First
845,66.43564356,13417,422,First
846,79.49880668,13417,422,Second
847,125.9466271,13417,422,Second
848,100.40429040000001,13417,422,Second
849,86.83098592,13417,422,Second
850,81.36274509999998,13417,422,Second
851,75.10326087,13417,422,First
852,74.81894150000001,13417,422,First
853,74.30958904,13417,422,First
854,70.31372549,13417,422,First
855,92.75501114,13417,422,Second
856,94.84343434,13417,422,Second
857,90.85411765,13417,422,Second
858,84.9020979,13417,422,Second
859,69.59042553,13417,422,First
860,70.29936306,13417,422,First
861,66.34195402,13417,422,First
862,66.83040936,13417,422,First
863,90.04979253,14100,65,Fourth
864,81.81772152,14100,65,Fourth
865,107.0208768,14100,65,Fourth
866,111.01284799999999,14100,65,Fourth
867,108.18235290000001,14100,65,Fourth
868,93.02806122,14100,65,Fourth
869,76.90265487,14100,65,Fourth
870,77.30690537,14100,65,Fourth
871,92.28672986,14100,65,Fourth
872,88.96347032,14100,65,Fourth
873,80.06878307,14100,65,Fourth
874,78.0315534,14100,65,Fourth
875,77.74814815,14100,65,Fourth
876,76.50439883,14100,65,Fourth
877,69.73816156,14100,65,Fourth
878,68.61386139,14100,65,Fourth
879,85.82124352,1291,474,Third
880,88.23036649,1291,474,Third
881,77.07643312,1291,474,Third
882,79.17777778,1291,474,Third
883,75.91930836,1291,474,Third
884,74.18296529999999,1291,474,Third
885,71.32307692,1291,474,Third
886,68.07803468,1291,474,Third
887,70.70180723,1291,474,Third
888,65.3639576,1291,474,Third
889,72.43895349,1291,474,Third
890,78.24797844,1291,474,Third
891,85.10187668,1291,474,Third
892,78.83379501,1291,474,Third
893,78.67191601,1291,474,Third
894,79.77453581,1291,474,Third
895,73.43069307,1291,474,Third
896,85.5984252,1291,474,Third
897,88.19230769,1291,474,Third
898,76.36024845,10209,480,First
899,73.72700297,10209,480,First
900,68.4132948,10209,480,First
901,70.30746269,10209,480,First
902,67.27976190000001,10209,480,First
903,63.98245614,10209,480,First
904,64.88581315,10209,480,First
905,83.6744186,10209,480,Second
906,86.06581741,10209,480,Second
907,75.51168224,10209,480,First
908,71.98800959,10209,480,First
909,69.24817518,10209,480,First
910,71.55693069,10209,480,First
911,80.69484536,10209,480,Second
912,72.83689840000001,10209,480,First
913,77.88321168,10209,480,First
914,76.88497653,10209,480,First
915,65.38520408,10209,480,First
916,82.8785872,10209,480,Second
917,81.49220490000002,10209,480,Second
918,84.60048426,10209,480,Second
919,91.26229508,10209,480,Second
920,73.02791878,10209,480,First
921,75.34375,10209,480,First
922,62.68670886,9938,422,First
923,61.9015873,9938,422,First
924,60.03039514,9938,422,First
925,59.38408304,9938,422,First
926,57.6625387,9938,422,First
927,57.47540984,9938,422,First
928,63.84076433,9938,422,First
929,67.62464986,9938,422,First
930,76.34128878,9938,422,First
931,63.21813031,9938,422,First
932,62.93406593,9938,422,First
933,70.28412256,9938,422,First
934,62.10026385,9938,422,First
935,62.72193878,9938,422,First
936,63.52798054,9938,422,First
937,60.35170604,9938,422,First
938,104.51180440000002,9938,422,Second
939,75.98444444,9938,422,First
940,71.01173709,9938,422,First
941,69.68421053,9938,422,First
942,64.03412073,9938,422,First
943,63.95426829,9938,422,First
944,61.36445783,9938,422,First
945,65.82692308,9938,422,First
946,50.36728395,4363,468,Third
947,51.11036789,4363,468,Third
948,52.19195046,4363,468,Third
949,52.13175676,4363,468,Third
950,54.96126761,4363,468,Third
951,53.97021277,4363,468,Third
952,55.37931034,4363,468,Third
953,59.81481481,4363,468,Third
954,58.42898551,4363,468,Third
955,76.35891089,4363,468,Third
956,66.07629428,4363,468,Third
957,55.76785714,4363,468,Third
958,50.16938111,4363,468,Third
959,51.22492401,4363,468,Third
960,65.09642857,14400,423,First
961,64.54255319,14400,423,First
962,69.13355049,14400,423,First
963,67.00638978,14400,423,First
964,66.85245902,14400,423,First
965,62.96742671,14400,423,First
966,66.78899083,14400,423,First
967,71.12094395,14400,423,First
968,76.78296703,14400,423,First
969,79.11053985,14400,423,Second
970,100.2030948,14400,423,Second
971,98.48519362,14400,423,Second
972,89.82075472,14400,423,Second
973,91.44608567,14400,423,Second
974,75.57622739,14400,423,First
975,69.33783784,14400,423,First
976,72.03631285,14400,423,First
977,102.59477120000001,14400,423,Second
978,79.27872861,14400,423,Second
979,75.72894737,14400,423,First
980,79.0872818,14400,423,Second
981,84.26899384,14400,423,Second
982,83.21634615,14400,423,Second
983,72.98575499,14400,423,First
984,80.94822006,10078,562,Second
985,73.77710843,10078,562,First
986,71.31137725,10078,562,First
987,71.63112392,10078,562,First
988,71.0,10078,562,First
989,66.44649446,10078,562,First
990,66.92384106,10078,562,First
991,65.95043732,10078,562,First
992,65.49130435,10078,562,First
993,80.52195122,10078,562,Second
994,87.33544304,10078,562,Second
995,84.94172494,10078,562,Second
996,75.8199446,10078,562,First
997,85.26618705,10078,562,Second
998,90.36842105,10078,562,Second
999,93.97037037,10078,562,Second
1000,86.51295337,10078,562,Second
1001,82.74615385,10078,562,Second
1002,82.83823529,10078,562,Second
1003,87.01202405,10078,562,Second
1004,95.80962801,10078,562,Second
1005,83.28329298,10078,562,Second
1006,73.3511236,10078,562,First
1007,73.40361446,10078,562,First
1008,62.94594595,5594,621,Third
1009,60.22147651,5594,621,Third
1010,58.676328500000004,5594,621,Third
1011,60.73897059,5594,621,Third
1012,61.68646865,5594,621,Third
1013,61.47389558,5594,621,Third
1014,60.26356589,5594,621,Third
1015,58.21556886,5594,621,Third
1016,58.12580645,5594,621,Third
1017,59.67192429,5594,621,Third
1018,58.99346405,5594,621,Third
1019,70.98979592,5594,621,Third
1020,67.58566978,5594,621,Third
1021,64.65970149,5594,621,Third
1022,66.25418994,5594,621,Third
1023,70.17553191,5594,621,Third
1024,74.18776371,5594,621,Third
1025,66.81866667,5594,621,Third
1026,64.36636637,5594,621,Third
1027,62.94202899,5594,621,Third
1028,62.96978852,5594,621,Third
1029,66.05476189999999,5594,621,Third
1030,57.47400612,5594,621,Third
1031,58.97777778,5594,621,Third
1032,51.50628931,9776,366,First
1033,53.63253012,9776,366,First
1034,49.45253165,9776,366,First
1035,48.22256098,9776,366,First
1036,47.39009288,9776,366,First
1037,43.75079872,9776,366,First
1038,74.93364929,9776,366,First
1039,56.82729805,9776,366,First
1040,72.24427481,9776,366,First
1041,62.47899159999999,9776,366,First
1042,76.11401425,9776,366,First
1043,65.01767677,9776,366,First
1044,61.67594937,9776,366,First
1045,67.41952507,9776,366,First
1046,55.89743589999999,9776,366,First
1047,61.1890411,9776,366,First
1048,67.13417722,9776,366,First
1049,69.47461929,9776,366,First
1050,74.75572519,9776,366,First
1051,86.33441558,9776,366,Second
1052,79.06617647,9776,366,First
1053,56.23188406,9776,366,First
1054,56.03899721,9776,366,First
1055,47.06333333,9776,366,First
1056,79.40882353,10148,421,Second
1057,79.18926554,10148,421,First
1058,73.48307692,10148,421,First
1059,69.30935252,10148,421,First
1060,70.78153846,10148,421,First
1061,68.84693878,10148,421,First
1062,67.24477612,10148,421,First
1063,67.375,10148,421,First
1064,74.87390029,10148,421,First
1065,99.61521253,10148,421,Second
1066,93.15545244,10148,421,Second
1067,82.81550802,10148,421,Second
1068,91.17241379,10148,421,Second
1069,111.1590909,10148,421,Second
1070,87.31770833,10148,421,Second
1071,78.56951872,10148,421,First
1072,93.73,10148,421,Second
1073,80.14025974,10148,421,Second
1074,89.52669903,10148,421,Second
1075,77.19942197,10148,421,First
1076,87.91545894,10148,421,Second
1077,67.79341317,10148,421,First
1078,68.41214058,10148,421,First
1079,70.11044776,10148,421,First
1080,66.97368421,10001,515,First
1081,63.40412979,10001,515,First
1082,60.96848138,10001,515,First
1083,62.64431487,10001,515,First
1084,62.84463277,10001,515,First
1085,63.66184971,10001,515,First
1086,69.45292621,10001,515,First
1087,92.16420664,10001,515,Second
1088,76.47073171,10001,515,First
1089,75.60416667,10001,515,First
1090,74.71194379,10001,515,First
1091,70.86632391,10001,515,First
1092,68.62760417,10001,515,First
1093,69.63143631,10001,515,First
1094,73.26612903,10001,515,First
1095,77.22572178,10001,515,First
1096,72.11842105,10001,515,First
1097,68.32183908,10001,515,First
1098,95.56550218,10001,515,Second
1099,73.84293194,10001,515,First
1100,74.07371007,10001,515,First
1101,70.65333333,10001,515,First
1102,59.60797342,11906,445,First
1103,59.50177936,11906,445,First
1104,63.59722222,11906,445,First
1105,61.08108108,11906,445,First
1106,59.96825397,11906,445,First
1107,59.63636364,11906,445,First
1108,73.81216931,11906,445,First
1109,72.25240385,11906,445,First
1110,62.36111111,11906,445,First
1111,59.63172043,11906,445,First
1112,60.99731183,11906,445,First
1113,60.09973046,11906,445,First
1114,59.30513595,11906,445,First
1115,61.8511236,11906,445,First
1116,77.56849315,11906,445,First
1117,103.1337967,11906,445,Second
1118,66.5545977,11906,445,First
1119,84.41163793,11906,445,Second
1120,71.80299252,11906,445,First
1121,66.20923913,11906,445,First
1122,68.26568266,11906,445,First
1123,70.84057971,11906,445,First
1124,60.38993711,11906,445,First
1125,58.82580645,11906,445,First
1126,50.58982036,2862,425,Third
1127,53.80996885,2862,425,Third
1128,52.0,2862,425,Third
1129,47.63957597,2862,425,Third
1130,46.79375,2862,425,Third
1131,48.05172414,2862,425,Third
1132,99.32415254,2862,425,Second
1133,68.45263158,2862,425,Third
1134,67.90726817,2862,425,Third
1135,83.54881266,2862,425,Third
1136,71.91089109,2862,425,Third
1137,63.38636364,12362,412,First
1138,67.0228013,12362,412,First
1139,66.41090909,12362,412,First
1140,65.69435216,12362,412,First
1141,65.06070288,12362,412,First
1142,64.07667732,12362,412,First
1143,64.53254438,12362,412,First
1144,78.35839599,12362,412,First
1145,68.91142857,12362,412,First
1146,80.99022005,12362,412,Second
1147,99.21786492,12362,412,Second
1148,119.7188065,12362,412,Second
1149,79.92436975,12362,412,Second
1150,70.07440476,12362,412,First
1151,73.67819149,12362,412,First
1152,89.21428571,12362,412,Second
1153,88.79054054,12362,412,Second
1154,80.96503497,12362,412,Second
1155,83.91169451,12362,412,Second
1156,81.73705179,12362,412,Second
1157,67.64324324,12362,412,First
1158,66.36392405,12362,412,First
1159,70.71703297,12362,412,First
1160,75.09510870000001,12362,412,First
1161,65.94080505,8,540,Third
1162,63.40229226,8,540,Third
1163,59.93888889,8,540,Third
1164,61.31470231,8,540,Third
1165,60.85658915,8,540,Third
1166,59.23876923,8,540,Third
1167,70.23266078,8,540,Third
1168,78.31062124,8,540,Third
1169,84.0212061,8,540,Third
1170,87.96610169,8,540,Third
1171,88.0943662,8,540,Third
1172,86.15145368,8,540,Third
1173,96.43029491,8,540,Third
1174,97.40222686,8,540,Third
1175,91.13323884,8,540,Third
1176,97.09829620000001,8,540,Third
1177,98.68364611,8,540,Third
1178,98.70806242,8,540,Third
1179,89.58831809,8,540,Third
1180,101.3706667,8,540,Third
1181,100.33546329999999,8,540,Third
1182,90.17219478,8,540,Third
1183,93.05530973,8,540,Third
1184,70.0,8,540,Third
1185,57.62460568,3436,463,Third
1186,58.48355263,3436,463,Third
1187,59.99335548,3436,463,Third
1188,58.40202703,3436,463,Third
1189,57.37060703,3436,463,Third
1190,56.90322581,3436,463,Third
1191,68.05555556,3436,463,Third
1192,74.12676056,3436,463,Third
1193,72.49708738,3436,463,Third
1194,64.41011236,3436,463,Third
1195,60.06508876,3436,463,Third
1196,59.76093294,3436,463,Third
1197,63.41854637,3436,463,Third
1198,65.48257373,3436,463,Third
1199,61.21818182,3436,463,Third
1200,60.73015873,3436,463,Third
1201,73.21634615,3436,463,Third
1202,71.51463415,3436,463,Third
1203,65.66911765,3436,463,Third
1204,65.88040712,3436,463,Third
1205,65.08883249,3436,463,Third
1206,64.45430809,3436,463,Third
1207,64.90607735,3436,463,Third
1208,65.41876429999999,3436,463,Third
1209,72.97468354,5893,386,Third
1210,71.08064516,5893,386,Third
1211,70.05177994,5893,386,Third
1212,67.90789474,5893,386,Third
1213,64.00325733,5893,386,Third
1214,66.56466877,5893,386,Third
1215,68.02121212,5893,386,Third
1216,77.72463768,5893,386,Third
1217,74.09189189,5893,386,Third
1218,106.4020716,5893,386,Second
1219,121.6392765,5893,386,Second
1220,81.99492386,5893,386,Third
1221,75.18684211,5893,386,Third
1222,75.47293447,5893,386,Third
1223,75.64,5893,386,Third
1224,76.11764706,5893,386,Third
1225,78.15831135,5893,386,Third
1226,83.96992481,5893,386,Third
1227,91.82835821,5893,386,Second
1228,94.68778281,5893,386,Second
1229,100.0,5893,386,Second
1230,74.67346939,5893,386,Third
1231,80.04371585,5893,386,Third
1232,70.0,20,492,Third
1233,70.0,20,492,Third
1234,65.0661157,20,492,Third
1235,58.88924051,20,492,Third
1236,60.66774194,20,492,Third
1237,59.20426829,20,492,Third
1238,58.40307692,20,492,Third
1239,58.32448378,20,492,Third
1240,58.97337278,20,492,Third
1241,57.96996997,20,492,Third
1242,70.76666667,20,492,Third
1243,66.01923077,20,492,Third
1244,83.78100264,20,492,Third
1245,78.69820972,20,492,Third
1246,75.86350975,20,492,Third
1247,77.53994490000001,20,492,Third
1248,69.95402299,20,492,Third
1249,71.17307692,20,492,Third
1250,86.72468354,20,492,Third
1251,81.77225673,20,492,Third
1252,67.0,20,492,Third
1253,62.18055556,20,492,Third
1254,66.54907162,20,492,Third
1255,70.21105528,20,492,Third
